,cross_val_acc,training_acc,test_acc,train_size,kernel,max_iter,C
0,0.20635880401693996,0.22199533255542592,0.24965986394557824,3428,linear,10,0.01
1,0.21036788117383193,0.2567260940032415,0.2612244897959184,3085,linear,10,0.01
2,0.30488130572744143,0.1539022611232677,0.15578231292517006,2742,linear,10,0.01
3,0.2941504833896757,0.1483951646519383,0.15918367346938775,2399,linear,10,0.01
4,0.17832328366903355,0.11964980544747082,0.10408163265306122,2056,linear,10,0.01
5,0.3357418740099842,0.2176196032672112,0.21156462585034014,1714,linear,10,0.01
6,0.26811523420219074,0.4048140043763676,0.4095238095238095,1371,linear,10,0.01
7,0.2777259496379414,0.23054474708171208,0.23673469387755103,1028,linear,10,0.01
8,0.2703800449791858,0.25255474452554744,0.24149659863945577,685,linear,10,0.01
9,0.2416567439044155,0.21637426900584794,0.16598639455782313,342,linear,10,0.01
10,0.25574718921054096,0.021295215869311553,0.02312925170068027,3428,linear,10,0.1
11,0.19393440509749307,0.17050243111831442,0.20136054421768707,3085,linear,10,0.1
12,0.269795114984149,0.14551422319474835,0.1564625850340136,2742,linear,10,0.1
13,0.181912440004288,0.16465193830762817,0.1673469387755102,2399,linear,10,0.1
14,0.22250400070218576,0.08560311284046693,0.09115646258503401,2056,linear,10,0.1
15,0.22585876716228181,0.2088681446907818,0.23877551020408164,1714,linear,10,0.1
16,0.20941710463449592,0.019693654266958426,0.019727891156462583,1371,linear,10,0.1
17,0.21815001347940105,0.18482490272373542,0.18435374149659864,1028,linear,10,0.1
18,0.2042143543341921,0.15182481751824817,0.16938775510204082,685,linear,10,0.1
19,0.22661527995909364,0.13742690058479531,0.14421768707482993,342,linear,10,0.1
20,0.14671268113982172,0.1306884480746791,0.1489795918367347,3428,linear,10,0.2
21,0.2464198821187073,0.2914100486223663,0.2816326530612245,3085,linear,10,0.2
22,0.21601020295648293,0.19292487235594458,0.20952380952380953,2742,linear,10,0.2
23,0.17411513386249466,0.14172571904960402,0.13673469387755102,2399,linear,10,0.2
24,0.15209192016420542,0.06906614785992218,0.0673469387755102,2056,linear,10,0.2
25,0.15499904461710404,0.10326721120186698,0.10340136054421768,1714,linear,10,0.2
26,0.18769283856240376,0.12983223924142961,0.13129251700680272,1371,linear,10,0.2
27,0.18830883475762528,0.23929961089494164,0.26666666666666666,1028,linear,10,0.2
28,0.21851792159601308,0.23503649635036497,0.2523809523809524,685,linear,10,0.2
29,0.17403513913645435,0.11988304093567251,0.15714285714285714,342,linear,10,0.2
30,0.19229578078113685,0.14381563593932323,0.145578231292517,3428,linear,10,0.8
31,0.20653310489563767,0.24991896272285252,0.23129251700680273,3085,linear,10,0.8
32,0.21062655379229228,0.1549963530269876,0.1598639455782313,2742,linear,10,0.8
33,0.18278022756235715,0.13213839099624844,0.12380952380952381,2399,linear,10,0.8
34,0.14508257870207106,0.11964980544747082,0.12857142857142856,2056,linear,10,0.8
35,0.16323390929536202,0.12368728121353559,0.12653061224489795,1714,linear,10,0.8
36,0.1789810833289094,0.1276440554339898,0.11632653061224489,1371,linear,10,0.8
37,0.18855876924585108,0.15953307392996108,0.16462585034013605,1028,linear,10,0.8
38,0.20575337172472227,0.21313868613138687,0.21904761904761905,685,linear,10,0.8
39,0.18602317376864724,0.1286549707602339,0.13197278911564625,342,linear,10,0.8
40,0.19349359308392317,0.16394399066511084,0.18027210884353742,3428,linear,10,0.7
41,0.22276946485190288,0.2239870340356564,0.21972789115646257,3085,linear,10,0.7
42,0.2081362958938137,0.2013129102844639,0.20476190476190476,2742,linear,10,0.7
43,0.15731734531402214,0.11838265944143393,0.10680272108843537,2399,linear,10,0.7
44,0.15675417071257516,0.10846303501945526,0.11496598639455782,2056,linear,10,0.7
45,0.15681303500379964,0.13418903150525088,0.14285714285714285,1714,linear,10,0.7
46,0.17753180796659057,0.12691466083150985,0.11700680272108843,1371,linear,10,0.7
47,0.18557369461898537,0.15953307392996108,0.16462585034013605,1028,linear,10,0.7
48,0.24198377430106252,0.20875912408759123,0.22653061224489796,685,linear,10,0.7
49,0.17757246954329514,0.14912280701754385,0.14625850340136054,342,linear,10,0.7
50,0.2168783889148011,0.15694282380396732,0.17346938775510204,3428,linear,10,1.0
51,0.21791719737827614,0.2246353322528363,0.21904761904761905,3085,linear,10,1.0
52,0.20325753222999704,0.17943107221006566,0.1707482993197279,2742,linear,10,1.0
53,0.17848440134805402,0.11963318049187162,0.11224489795918367,2399,linear,10,1.0
54,0.16159821801532376,0.08219844357976654,0.08163265306122448,2056,linear,10,1.0
55,0.1568199151262658,0.12543757292882146,0.12857142857142856,1714,linear,10,1.0
56,0.17753180796659057,0.11086797957695113,0.10816326530612246,1371,linear,10,1.0
57,0.18855876924585108,0.15953307392996108,0.16462585034013605,1028,linear,10,1.0
58,0.20982781238058262,0.20145985401459854,0.21564625850340136,685,linear,10,1.0
59,0.18602317376864724,0.1286549707602339,0.13197278911564625,342,linear,10,1.0
60,0.20979117646063558,0.1309801633605601,0.1346938775510204,3428,linear,10,3.0
61,0.1750569074259022,0.21458670988654782,0.20340136054421767,3085,linear,10,3.0
62,0.1959727756374034,0.17286652078774617,0.17006802721088435,2742,linear,10,3.0
63,0.1882058002810712,0.12213422259274698,0.11292517006802721,2399,linear,10,3.0
64,0.1494658048675872,0.07976653696498054,0.07755102040816327,2056,linear,10,3.0
65,0.15447561779083685,0.12193698949824971,0.12448979591836734,1714,linear,10,3.0
66,0.17753180796659057,0.12253829321663019,0.11020408163265306,1371,linear,10,3.0
67,0.1756234458627665,0.15953307392996108,0.16462585034013605,1028,linear,10,3.0
68,0.22925050015308832,0.181021897810219,0.20680272108843537,685,linear,10,3.0
69,0.18602317376864724,0.1286549707602339,0.13197278911564625,342,linear,10,3.0
70,0.20979117646063558,0.1309801633605601,0.1346938775510204,3428,linear,10,5.0
71,0.17570625807525284,0.21458670988654782,0.20340136054421767,3085,linear,10,5.0
72,0.18615459381922156,0.17286652078774617,0.17006802721088435,2742,linear,10,5.0
73,0.1882058002810712,0.12213422259274698,0.11292517006802721,2399,linear,10,5.0
74,0.15917103354930434,0.07976653696498054,0.07755102040816327,2056,linear,10,5.0
75,0.15739106968588054,0.12310385064177364,0.12857142857142856,1714,linear,10,5.0
76,0.17753180796659057,0.11451495258935084,0.10884353741496598,1371,linear,10,5.0
77,0.1756234458627665,0.15953307392996108,0.16462585034013605,1028,linear,10,5.0
78,0.22925050015308832,0.181021897810219,0.20680272108843537,685,linear,10,5.0
79,0.18602317376864724,0.1286549707602339,0.13197278911564625,342,linear,10,5.0
80,0.20979117646063558,0.1309801633605601,0.1346938775510204,3428,linear,10,10.0
81,0.17440755677655156,0.21458670988654782,0.20340136054421767,3085,linear,10,10.0
82,0.18615459381922156,0.17286652078774617,0.17006802721088435,2742,linear,10,10.0
83,0.1882058002810712,0.12213422259274698,0.11292517006802721,2399,linear,10,10.0
84,0.15917103354930434,0.07976653696498054,0.07755102040816327,2056,linear,10,10.0
85,0.15739106968588054,0.12310385064177364,0.12857142857142856,1714,linear,10,10.0
86,0.17753180796659057,0.11451495258935084,0.10884353741496598,1371,linear,10,10.0
87,0.1756234458627665,0.15953307392996108,0.16462585034013605,1028,linear,10,10.0
88,0.22925050015308832,0.181021897810219,0.20680272108843537,685,linear,10,10.0
89,0.18602317376864724,0.1286549707602339,0.13197278911564625,342,linear,10,10.0
90,0.20979117646063558,0.1309801633605601,0.1346938775510204,3428,linear,10,15.0
91,0.17440755677655156,0.21458670988654782,0.20340136054421767,3085,linear,10,15.0
92,0.18615459381922156,0.17286652078774617,0.17006802721088435,2742,linear,10,15.0
93,0.1882058002810712,0.12213422259274698,0.11292517006802721,2399,linear,10,15.0
94,0.15917103354930434,0.07976653696498054,0.07755102040816327,2056,linear,10,15.0
95,0.15739106968588054,0.12310385064177364,0.12857142857142856,1714,linear,10,15.0
96,0.17753180796659057,0.11451495258935084,0.10884353741496598,1371,linear,10,15.0
97,0.1756234458627665,0.15953307392996108,0.16462585034013605,1028,linear,10,15.0
98,0.22925050015308832,0.181021897810219,0.20680272108843537,685,linear,10,15.0
99,0.18602317376864724,0.1286549707602339,0.13197278911564625,342,linear,10,15.0
100,0.20979117646063558,0.1309801633605601,0.1346938775510204,3428,linear,10,20.0
101,0.17440755677655156,0.21458670988654782,0.20340136054421767,3085,linear,10,20.0
102,0.18615459381922156,0.17286652078774617,0.17006802721088435,2742,linear,10,20.0
103,0.1882058002810712,0.12213422259274698,0.11292517006802721,2399,linear,10,20.0
104,0.15917103354930434,0.07976653696498054,0.07755102040816327,2056,linear,10,20.0
105,0.15739106968588054,0.12310385064177364,0.12857142857142856,1714,linear,10,20.0
106,0.17753180796659057,0.11451495258935084,0.10884353741496598,1371,linear,10,20.0
107,0.1756234458627665,0.15953307392996108,0.16462585034013605,1028,linear,10,20.0
108,0.22925050015308832,0.181021897810219,0.20680272108843537,685,linear,10,20.0
109,0.18602317376864724,0.1286549707602339,0.13197278911564625,342,linear,10,20.0
110,0.2555481112657137,0.21266044340723453,0.2054421768707483,3428,linear,50,0.01
111,0.2864991210200364,0.2914100486223663,0.2979591836734694,3085,linear,50,0.01
112,0.332349156197699,0.3519328956965718,0.3326530612244898,2742,linear,50,0.01
113,0.2834201898867543,0.275531471446436,0.2816326530612245,2399,linear,50,0.01
114,0.3156284465800849,0.2441634241245136,0.24217687074829933,2056,linear,50,0.01
115,0.2260226373624083,0.3103850641773629,0.3,1714,linear,50,0.01
116,0.2624324467802729,0.36834427425237054,0.345578231292517,1371,linear,50,0.01
117,0.41375693058014207,0.3103112840466926,0.3034013605442177,1028,linear,50,0.01
118,0.3135425120448208,0.3970802919708029,0.3653061224489796,685,linear,50,0.01
119,0.3619023862136529,0.34502923976608185,0.37142857142857144,342,linear,50,0.01
120,0.2281107802719747,0.2322053675612602,0.24421768707482994,3428,linear,50,0.1
121,0.23115761433750048,0.15688816855753646,0.14081632653061224,3085,linear,50,0.1
122,0.2283271277846024,0.3147337709700948,0.30612244897959184,2742,linear,50,0.1
123,0.2007559581499795,0.1488120050020842,0.1469387755102041,2399,linear,50,0.1
124,0.17625152347034417,0.3784046692607004,0.3761904761904762,2056,linear,50,0.1
125,0.29038016111650405,0.31563593932322054,0.3142857142857143,1714,linear,50,0.1
126,0.2576816902903859,0.26768781911013856,0.2761904761904762,1371,linear,50,0.1
127,0.2573819751187224,0.2529182879377432,0.23605442176870747,1028,linear,50,0.1
128,0.2889408112180581,0.29927007299270075,0.3326530612244898,685,linear,50,0.1
129,0.3216811744190161,0.28362573099415206,0.2761904761904762,342,linear,50,0.1
130,0.276514426992525,0.24824970828471413,0.26258503401360545,3428,linear,50,0.2
131,0.1841406192763691,0.2693679092382496,0.2639455782312925,3085,linear,50,0.2
132,0.17642303312586488,0.36688548504741064,0.3653061224489796,2742,linear,50,0.2
133,0.2669829065393531,0.20466861192163402,0.20272108843537415,2399,linear,50,0.2
134,0.22191960101415514,0.19601167315175097,0.23333333333333334,2056,linear,50,0.2
135,0.23340382809015167,0.3074679113185531,0.3006802721088435,1714,linear,50,0.2
136,0.2286845039018952,0.25091174325309995,0.2564625850340136,1371,linear,50,0.2
137,0.21847012568834492,0.19649805447470817,0.18503401360544217,1028,linear,50,0.2
138,0.2672162951572463,0.22773722627737225,0.2891156462585034,685,linear,50,0.2
139,0.23670315542065185,0.20175438596491227,0.21496598639455783,342,linear,50,0.2
140,0.2158348336204769,0.11522753792298716,0.12993197278911564,3428,linear,50,0.8
141,0.14607600000733303,0.23306320907617503,0.2217687074829932,3085,linear,50,0.8
142,0.22390710097106709,0.41466083150984684,0.4054421768707483,2742,linear,50,0.8
143,0.21644005095474333,0.22009170487703208,0.20952380952380953,2399,linear,50,0.8
144,0.22676080433835719,0.2616731517509728,0.2619047619047619,2056,linear,50,0.8
145,0.19235134990128366,0.23862310385064178,0.23469387755102042,1714,linear,50,0.8
146,0.15072056767708944,0.3916849015317287,0.3986394557823129,1371,linear,50,0.8
147,0.16397549953906104,0.32879377431906615,0.30612244897959184,1028,linear,50,0.8
148,0.24674168301382168,0.22043795620437956,0.2789115646258503,685,linear,50,0.8
149,0.19153635736447336,0.26900584795321636,0.2646258503401361,342,linear,50,0.8
150,0.21397891817800288,0.26254375729288215,0.2857142857142857,3428,linear,50,0.7
151,0.23344462575605823,0.26158833063209075,0.24897959183673468,3085,linear,50,0.7
152,0.20190671888746675,0.4051787016776076,0.40748299319727893,2742,linear,50,0.7
153,0.25323484740682545,0.20842017507294705,0.21564625850340136,2399,linear,50,0.7
154,0.2605139414141797,0.30009727626459143,0.3006802721088435,2056,linear,50,0.7
155,0.19107441833069064,0.19194865810968495,0.17687074829931973,1714,linear,50,0.7
156,0.17448249013466405,0.31145149525893506,0.3231292517006803,1371,linear,50,0.7
157,0.22010327766246446,0.19455252918287938,0.1870748299319728,1028,linear,50,0.7
158,0.24475027271822314,0.2832116788321168,0.3163265306122449,685,linear,50,0.7
159,0.24009037937838515,0.15789473684210525,0.16666666666666666,342,linear,50,0.7
160,0.23911628034025637,0.15460910151691948,0.17959183673469387,3428,linear,50,1.0
161,0.19193648679744324,0.18833063209076176,0.1945578231292517,3085,linear,50,1.0
162,0.26144411311982607,0.3052516411378556,0.3020408163265306,2742,linear,50,1.0
163,0.18901933742116833,0.20842017507294705,0.21292517006802722,2399,linear,50,1.0
164,0.23997140528909128,0.3244163424124514,0.3197278911564626,2056,linear,50,1.0
165,0.2105909160182163,0.2882147024504084,0.2816326530612245,1714,linear,50,1.0
166,0.17522942435985916,0.39606126914660833,0.41836734693877553,1371,linear,50,1.0
167,0.20102606048951904,0.22568093385214008,0.19727891156462585,1028,linear,50,1.0
168,0.23531357738572675,0.2321167883211679,0.254421768707483,685,linear,50,1.0
169,0.20772358405411753,0.1871345029239766,0.21768707482993196,342,linear,50,1.0
170,0.2418315508052124,0.1295215869311552,0.13945578231292516,3428,linear,50,3.0
171,0.15719996317185644,0.17309562398703404,0.16462585034013605,3085,linear,50,3.0
172,0.19431777892293417,0.39897884755652807,0.39659863945578233,2742,linear,50,3.0
173,0.19264304542056504,0.18716131721550647,0.1891156462585034,2399,linear,50,3.0
174,0.22144693310462374,0.33754863813229574,0.3299319727891156,2056,linear,50,3.0
175,0.18607361135600547,0.21061843640606767,0.21360544217687075,1714,linear,50,3.0
176,0.1242977473412256,0.38439095550692925,0.39659863945578233,1371,linear,50,3.0
177,0.19223826867933919,0.29961089494163423,0.2619047619047619,1028,linear,50,3.0
178,0.2749101682579791,0.16204379562043797,0.15918367346938775,685,linear,50,3.0
179,0.22175531767620313,0.18421052631578946,0.21496598639455783,342,linear,50,3.0
180,0.2427096199808921,0.13943990665110853,0.15850340136054422,3428,linear,50,5.0
181,0.17501356442178626,0.17050243111831442,0.1836734693877551,3085,linear,50,5.0
182,0.18325662119950864,0.3599562363238512,0.35714285714285715,2742,linear,50,5.0
183,0.19430279645790943,0.1838265944143393,0.18775510204081633,2399,linear,50,5.0
184,0.18281546274577481,0.2903696498054475,0.28843537414965986,2056,linear,50,5.0
185,0.18956709793313015,0.24095682613768962,0.24149659863945577,1714,linear,50,5.0
186,0.12503034807382635,0.30051057622173594,0.3054421768707483,1371,linear,50,5.0
187,0.18437852891661438,0.29961089494163423,0.2619047619047619,1028,linear,50,5.0
188,0.26456734030707685,0.2029197080291971,0.22653061224489796,685,linear,50,5.0
189,0.22175531767620313,0.18421052631578946,0.21496598639455783,342,linear,50,5.0
190,0.22631551680621942,0.12514585764294048,0.12857142857142856,3428,linear,50,10.0
191,0.17274083714905902,0.17893030794165316,0.1673469387755102,3085,linear,50,10.0
192,0.21689073890661908,0.3639679066374909,0.35714285714285715,2742,linear,50,10.0
193,0.19430279645790943,0.1838265944143393,0.18775510204081633,2399,linear,50,10.0
194,0.18669895789140586,0.2903696498054475,0.28843537414965986,2056,linear,50,10.0
195,0.18725495920480645,0.24095682613768962,0.24149659863945577,1714,linear,50,10.0
196,0.12575498575498573,0.312180889861415,0.3231292517006803,1371,linear,50,10.0
197,0.18139345428974868,0.29961089494163423,0.2619047619047619,1028,linear,50,10.0
198,0.2660598776205097,0.20437956204379562,0.23061224489795917,685,linear,50,10.0
199,0.22175531767620313,0.18421052631578946,0.21496598639455783,342,linear,50,10.0
200,0.22631551680621942,0.12514585764294048,0.12857142857142856,3428,linear,50,15.0
201,0.17436421377243563,0.17893030794165316,0.1673469387755102,3085,linear,50,15.0
202,0.21689073890661908,0.3639679066374909,0.35714285714285715,2742,linear,50,15.0
203,0.19430279645790943,0.1838265944143393,0.18775510204081633,2399,linear,50,15.0
204,0.18378633653218257,0.2903696498054475,0.28843537414965986,2056,linear,50,15.0
205,0.18552085515856367,0.24095682613768962,0.24149659863945577,1714,linear,50,15.0
206,0.11561005821875385,0.312180889861415,0.3231292517006803,1371,linear,50,15.0
207,0.18139345428974868,0.29961089494163423,0.2619047619047619,1028,linear,50,15.0
208,0.2660598776205097,0.20437956204379562,0.23061224489795917,685,linear,50,15.0
209,0.22175531767620313,0.18421052631578946,0.21496598639455783,342,linear,50,15.0
210,0.22631551680621942,0.12514585764294048,0.12857142857142856,3428,linear,50,20.0
211,0.17468888909711094,0.17893030794165316,0.1673469387755102,3085,linear,50,20.0
212,0.21689073890661908,0.3639679066374909,0.35714285714285715,2742,linear,50,20.0
213,0.19430279645790943,0.1838265944143393,0.18775510204081633,2399,linear,50,20.0
214,0.18378633653218257,0.2903696498054475,0.28843537414965986,2056,linear,50,20.0
215,0.18552085515856367,0.24095682613768962,0.24149659863945577,1714,linear,50,20.0
216,0.11561005821875385,0.312180889861415,0.3231292517006803,1371,linear,50,20.0
217,0.18139345428974868,0.29961089494163423,0.2619047619047619,1028,linear,50,20.0
218,0.2660598776205097,0.20437956204379562,0.23061224489795917,685,linear,50,20.0
219,0.22175531767620313,0.18421052631578946,0.21496598639455783,342,linear,50,20.0
220,0.32541718947197085,0.26662777129521587,0.26666666666666666,3428,linear,100,0.01
221,0.3627940760192905,0.3280388978930308,0.3183673469387755,3085,linear,100,0.01
222,0.31877279657110824,0.3676148796498906,0.35578231292517004,2742,linear,100,0.01
223,0.27327998774061457,0.18132555231346395,0.1816326530612245,2399,linear,100,0.01
224,0.339077625782145,0.19114785992217898,0.21020408163265306,2056,linear,100,0.01
225,0.32848825500644857,0.34947491248541424,0.39727891156462586,1714,linear,100,0.01
226,0.3677459255720125,0.35813274981765136,0.3414965986394558,1371,linear,100,0.01
227,0.3047698698625101,0.4260700389105058,0.44625850340136053,1028,linear,100,0.01
228,0.2670654268012897,0.37518248175182484,0.3870748299319728,685,linear,100,0.01
229,0.3414835702177926,0.3128654970760234,0.3360544217687075,342,linear,100,0.01
230,0.2900081385871983,0.3313885647607935,0.34625850340136055,3428,linear,100,0.1
231,0.2685291189824025,0.33484602917341977,0.3292517006802721,3085,linear,100,0.1
232,0.269892515969393,0.1925601750547046,0.20136054421768707,2742,linear,100,0.1
233,0.2429862226950208,0.2963734889537307,0.291156462585034,2399,linear,100,0.1
234,0.26383421505596116,0.33754863813229574,0.32857142857142857,2056,linear,100,0.1
235,0.21733165582045375,0.36114352392065346,0.37551020408163266,1714,linear,100,0.1
236,0.2800821079081949,0.3238512035010941,0.32040816326530613,1371,linear,100,0.1
237,0.27371910342188255,0.3433852140077821,0.3292517006802721,1028,linear,100,0.1
238,0.31030384292415764,0.40875912408759124,0.41564625850340137,685,linear,100,0.1
239,0.32423887440183796,0.3508771929824561,0.3251700680272109,342,linear,100,0.1
240,0.27190131967604636,0.19515752625437574,0.21904761904761905,3428,linear,100,0.2
241,0.1986402053331959,0.18573743922204214,0.18639455782312925,3085,linear,100,0.2
242,0.19876447738117356,0.39059080962800874,0.36462585034013606,2742,linear,100,0.2
243,0.22223545645939619,0.32680283451438097,0.31564625850340133,2399,linear,100,0.2
244,0.23042650693302386,0.19601167315175097,0.20204081632653062,2056,linear,100,0.2
245,0.26877380984137633,0.29229871645274214,0.2891156462585034,1714,linear,100,0.2
246,0.25967563837129054,0.175054704595186,0.17551020408163265,1371,linear,100,0.2
247,0.2181230311119658,0.1605058365758755,0.1469387755102041,1028,linear,100,0.2
248,0.30147380928041523,0.3094890510948905,0.2857142857142857,685,linear,100,0.2
249,0.2202059405468569,0.1871345029239766,0.18775510204081633,342,linear,100,0.2
250,0.249126701122569,0.14760793465577596,0.1673469387755102,3428,linear,100,0.8
251,0.25887562333364367,0.2962722852512156,0.27414965986394557,3085,linear,100,0.8
252,0.18191717229250284,0.16630196936542668,0.1870748299319728,2742,linear,100,0.8
253,0.23420882333797494,0.4210087536473531,0.4129251700680272,2399,linear,100,0.8
254,0.20517577468537063,0.2188715953307393,0.22517006802721087,2056,linear,100,0.8
255,0.2294515517280983,0.3115519253208868,0.2972789115646258,1714,linear,100,0.8
256,0.2250358337314859,0.3289569657184537,0.3183673469387755,1371,linear,100,0.8
257,0.18789069054123092,0.23735408560311283,0.22517006802721087,1028,linear,100,0.8
258,0.22010705330343655,0.11970802919708029,0.11972789115646258,685,linear,100,0.8
259,0.19374003785772254,0.11403508771929824,0.11020408163265306,342,linear,100,0.8
260,0.26016766655273715,0.27450408401400234,0.2727891156462585,3428,linear,100,0.7
261,0.24593320268304977,0.1507293354943274,0.1510204081632653,3085,linear,100,0.7
262,0.23458621453447076,0.21699489423778265,0.22517006802721087,2742,linear,100,0.7
263,0.17833885824189985,0.3793247186327636,0.3870748299319728,2399,linear,100,0.7
264,0.17596791935111405,0.14785992217898833,0.1727891156462585,2056,linear,100,0.7
265,0.2054279216818368,0.2129521586931155,0.20204081632653062,1714,linear,100,0.7
266,0.23090442568703437,0.23048869438366157,0.21972789115646257,1371,linear,100,0.7
267,0.168557812491163,0.1575875486381323,0.145578231292517,1028,linear,100,0.7
268,0.26083624207078393,0.21751824817518248,0.22244897959183674,685,linear,100,0.7
269,0.1846959351409544,0.14619883040935672,0.1598639455782313,342,linear,100,0.7
270,0.266612433771892,0.1414819136522754,0.1489795918367347,3428,linear,100,1.0
271,0.22839131423443731,0.17439222042139385,0.16870748299319727,3085,linear,100,1.0
272,0.2422162070575445,0.2261123267687819,0.22653061224489796,2742,linear,100,1.0
273,0.2362623213324257,0.33055439766569406,0.3142857142857143,2399,linear,100,1.0
274,0.21924522386740763,0.1619649805447471,0.16870748299319727,2056,linear,100,1.0
275,0.2250399976232928,0.21411901983663945,0.21768707482993196,1714,linear,100,1.0
276,0.22727256640300117,0.3508388037928519,0.3619047619047619,1371,linear,100,1.0
277,0.2006193690509182,0.2821011673151751,0.24421768707482994,1028,linear,100,1.0
278,0.18319733701493274,0.1781021897810219,0.17687074829931973,685,linear,100,1.0
279,0.1908403207142822,0.13157894736842105,0.11768707482993197,342,linear,100,1.0
280,0.22150412607940156,0.10530921820303384,0.10680272108843537,3428,linear,100,3.0
281,0.22167958028138085,0.28492706645056726,0.2673469387755102,3085,linear,100,3.0
282,0.27074929027014927,0.32348650619985414,0.31700680272108844,2742,linear,100,3.0
283,0.21719929211904665,0.27886619424760317,0.29183673469387755,2399,linear,100,3.0
284,0.1882931735988555,0.16731517509727625,0.17891156462585034,2056,linear,100,3.0
285,0.20795207791876874,0.24445740956826137,0.2619047619047619,1714,linear,100,3.0
286,0.22856824335085207,0.2363238512035011,0.22993197278911565,1371,linear,100,3.0
287,0.2073183014446524,0.22859922178988326,0.23061224489795917,1028,linear,100,3.0
288,0.22300651426770765,0.18832116788321168,0.1945578231292517,685,linear,100,3.0
289,0.19328505886146347,0.15789473684210525,0.1836734693877551,342,linear,100,3.0
290,0.19183490628042396,0.10939323220536756,0.11564625850340136,3428,linear,100,5.0
291,0.23361967147041723,0.153322528363047,0.16122448979591836,3085,linear,100,5.0
292,0.2350515668219822,0.32859226841721373,0.3183673469387755,2742,linear,100,5.0
293,0.2263991702681917,0.3551479783243018,0.3346938775510204,2399,linear,100,5.0
294,0.21019769542127076,0.1605058365758755,0.16870748299319727,2056,linear,100,5.0
295,0.1915394448941355,0.3588098016336056,0.35918367346938773,1714,linear,100,5.0
296,0.2727037213993736,0.22319474835886213,0.20748299319727892,1371,linear,100,5.0
297,0.16500104159007917,0.27431906614785995,0.2782312925170068,1028,linear,100,5.0
298,0.21277871110373994,0.2029197080291971,0.23265306122448978,685,linear,100,5.0
299,0.19959642913806572,0.1286549707602339,0.12653061224489795,342,linear,100,5.0
300,0.18484627305273554,0.11435239206534423,0.12176870748299319,3428,linear,100,10.0
301,0.2246273628761042,0.1559157212317666,0.16394557823129252,3085,linear,100,10.0
302,0.2511976959893744,0.3278628738147338,0.31564625850340133,2742,linear,100,10.0
303,0.2280589213055361,0.2330137557315548,0.24149659863945577,2399,linear,100,10.0
304,0.20048163031578503,0.15904669260700388,0.16394557823129252,2056,linear,100,10.0
305,0.18105333642220578,0.3436406067677946,0.3476190476190476,1714,linear,100,10.0
306,0.2432540567323176,0.3362509117432531,0.3231292517006803,1371,linear,100,10.0
307,0.17594631522191995,0.27431906614785995,0.2782312925170068,1028,linear,100,10.0
308,0.21883492402617674,0.20145985401459854,0.22653061224489796,685,linear,100,10.0
309,0.19959642913806572,0.1286549707602339,0.12653061224489795,342,linear,100,10.0
310,0.1886043556543914,0.11085180863477247,0.11632653061224489,3428,linear,100,15.0
311,0.2171682362422203,0.153322528363047,0.15918367346938775,3085,linear,100,15.0
312,0.25483805076841537,0.32603938730853393,0.3142857142857143,2742,linear,100,15.0
313,0.2280589213055361,0.2330137557315548,0.24149659863945577,2399,linear,100,15.0
314,0.2014525041021928,0.15904669260700388,0.16394557823129252,2056,linear,100,15.0
315,0.17989726705804393,0.3436406067677946,0.3476190476190476,1714,linear,100,15.0
316,0.23383376687724514,0.3362509117432531,0.3231292517006803,1371,linear,100,15.0
317,0.17594631522191995,0.27431906614785995,0.2782312925170068,1028,linear,100,15.0
318,0.21883492402617674,0.20145985401459854,0.22653061224489796,685,linear,100,15.0
319,0.19959642913806572,0.1286549707602339,0.12653061224489795,342,linear,100,15.0
320,0.1886043556543914,0.11085180863477247,0.11632653061224489,3428,linear,100,20.0
321,0.21099940507338913,0.153322528363047,0.15918367346938775,3085,linear,100,20.0
322,0.25483805076841537,0.32603938730853393,0.3142857142857143,2742,linear,100,20.0
323,0.2280589213055361,0.2330137557315548,0.24149659863945577,2399,linear,100,20.0
324,0.2014525041021928,0.15904669260700388,0.16394557823129252,2056,linear,100,20.0
325,0.17989726705804393,0.3436406067677946,0.3476190476190476,1714,linear,100,20.0
326,0.2360076799207234,0.3362509117432531,0.3231292517006803,1371,linear,100,20.0
327,0.17594631522191995,0.27431906614785995,0.2782312925170068,1028,linear,100,20.0
328,0.21883492402617674,0.20145985401459854,0.22653061224489796,685,linear,100,20.0
329,0.19959642913806572,0.1286549707602339,0.12653061224489795,342,linear,100,20.0
330,0.3679796786548552,0.36960326721120185,0.3598639455782313,3428,linear,500,0.01
331,0.34919449808991343,0.3063209076175041,0.3142857142857143,3085,linear,500,0.01
332,0.41910507373494277,0.34172137126185265,0.3510204081632653,2742,linear,500,0.01
333,0.3788350893844964,0.3959983326385994,0.3802721088435374,2399,linear,500,0.01
334,0.3822374644345331,0.372568093385214,0.3687074829931973,2056,linear,500,0.01
335,0.3903259466665797,0.4241540256709452,0.40816326530612246,1714,linear,500,0.01
336,0.3809253065774805,0.3676148796498906,0.3469387755102041,1371,linear,500,0.01
337,0.4365689315830849,0.372568093385214,0.3816326530612245,1028,linear,500,0.01
338,0.4468153008930811,0.42773722627737226,0.3945578231292517,685,linear,500,0.01
339,0.42436294667788754,0.4269005847953216,0.42857142857142855,342,linear,500,0.01
340,0.3175983236527044,0.43903150525087514,0.4340136054421769,3428,linear,500,0.1
341,0.34874280674859437,0.35364667747163697,0.36802721088435375,3085,linear,500,0.1
342,0.29796022079949347,0.32166301969365424,0.32653061224489793,2742,linear,500,0.1
343,0.3336871691867643,0.32471863276365154,0.3489795918367347,2399,linear,500,0.1
344,0.3334441371944375,0.27577821011673154,0.2646258503401361,2056,linear,500,0.1
345,0.40697411332897077,0.411318553092182,0.45170068027210886,1714,linear,500,0.1
346,0.3020620764099025,0.42961342086068566,0.43945578231292515,1371,linear,500,0.1
347,0.26224000309177875,0.23638132295719844,0.23741496598639455,1028,linear,500,0.1
348,0.3525495054779603,0.3678832116788321,0.4095238095238095,685,linear,500,0.1
349,0.338181646159089,0.3684210526315789,0.4380952380952381,342,linear,500,0.1
350,0.2854864648244898,0.23658109684947493,0.23809523809523808,3428,linear,500,0.2
351,0.33554872881456627,0.30113452188006484,0.2816326530612245,3085,linear,500,0.2
352,0.2782826283184974,0.20094821298322393,0.20680272108843537,2742,linear,500,0.2
353,0.3467815957668723,0.43559816590245937,0.4489795918367347,2399,linear,500,0.2
354,0.3242432787368599,0.3346303501945525,0.3476190476190476,2056,linear,500,0.2
355,0.31250651603600943,0.39498249708284716,0.4034013605442177,1714,linear,500,0.2
356,0.3529880908141777,0.18891320204230488,0.20136054421768707,1371,linear,500,0.2
357,0.37913581957586073,0.4066147859922179,0.42585034013605444,1028,linear,500,0.2
358,0.31865936878886536,0.3357664233576642,0.3034013605442177,685,linear,500,0.2
359,0.3755957391966568,0.3333333333333333,0.3673469387755102,342,linear,500,0.2
360,0.244476200658015,0.1350641773628938,0.13741496598639455,3428,linear,500,0.8
361,0.2665020739255725,0.20226904376012966,0.1870748299319728,3085,linear,500,0.8
362,0.23894353137505156,0.15061998541210794,0.15034013605442176,2742,linear,500,0.8
363,0.2478779485092401,0.24510212588578575,0.23197278911564626,2399,linear,500,0.8
364,0.2431891417519517,0.20525291828793774,0.19183673469387755,2056,linear,500,0.8
365,0.24334464575101333,0.2870478413068845,0.3108843537414966,1714,linear,500,0.8
366,0.2780734724212985,0.22975929978118162,0.22857142857142856,1371,linear,500,0.8
367,0.3084363612027019,0.2791828793774319,0.2727891156462585,1028,linear,500,0.8
368,0.297379617701071,0.23503649635036497,0.24693877551020407,685,linear,500,0.8
369,0.268305178414034,0.3333333333333333,0.345578231292517,342,linear,500,0.8
370,0.28496085347277217,0.17473745624270712,0.18639455782312925,3428,linear,500,0.7
371,0.24152141311433625,0.20097244732576985,0.21360544217687075,3085,linear,500,0.7
372,0.2291120781870762,0.13530269876002918,0.12993197278911564,2742,linear,500,0.7
373,0.2304498513903702,0.3855773238849521,0.38503401360544215,2399,linear,500,0.7
374,0.26778159569533455,0.2733463035019455,0.26666666666666666,2056,linear,500,0.7
375,0.24907393012723,0.1866977829638273,0.19183673469387755,1714,linear,500,0.7
376,0.3044775353471006,0.2778993435448578,0.2727891156462585,1371,linear,500,0.7
377,0.20843581919881457,0.2529182879377432,0.2571428571428571,1028,linear,500,0.7
378,0.3486243312817183,0.29635036496350364,0.3013605442176871,685,linear,500,0.7
379,0.36747067606725226,0.32456140350877194,0.2979591836734694,342,linear,500,0.7
380,0.27137220379090304,0.4130688448074679,0.42585034013605444,3428,linear,500,1.0
381,0.17968643049261648,0.2019448946515397,0.20748299319727892,3085,linear,500,1.0
382,0.27651327509374346,0.37928519328956967,0.363265306122449,2742,linear,500,1.0
383,0.2574214635754716,0.30846185910796164,0.2945578231292517,2399,linear,500,1.0
384,0.18184529484989786,0.20525291828793774,0.1673469387755102,2056,linear,500,1.0
385,0.2978687818512099,0.161610268378063,0.15170068027210884,1714,linear,500,1.0
386,0.3226971740015218,0.2815463165572575,0.2605442176870748,1371,linear,500,1.0
387,0.2182227126964646,0.21498054474708173,0.17346938775510204,1028,linear,500,1.0
388,0.30203361277645285,0.2510948905109489,0.2687074829931973,685,linear,500,1.0
389,0.30326043249295936,0.25146198830409355,0.2639455782312925,342,linear,500,1.0
390,0.23016115803586473,0.18698949824970829,0.21428571428571427,3428,linear,500,3.0
391,0.1839155646231732,0.19837925445705024,0.19183673469387755,3085,linear,500,3.0
392,0.25001913106103674,0.08606856309263311,0.09863945578231292,2742,linear,500,3.0
393,0.2313147793003448,0.1200500208420175,0.1251700680272109,2399,linear,500,3.0
394,0.2104685278499474,0.16536964980544747,0.15170068027210884,2056,linear,500,3.0
395,0.2552815855940973,0.25029171528588096,0.2598639455782313,1714,linear,500,3.0
396,0.2828684680858594,0.24361779722830051,0.23197278911564626,1371,linear,500,3.0
397,0.24295482138379718,0.2237354085603113,0.19251700680272107,1028,linear,500,3.0
398,0.3463746475634892,0.14890510948905109,0.16462585034013605,685,linear,500,3.0
399,0.22789138699147746,0.20760233918128654,0.2537414965986395,342,linear,500,3.0
400,0.23241362958824716,0.2310385064177363,0.2530612244897959,3428,linear,500,5.0
401,0.14552199072683097,0.23695299837925446,0.23129251700680273,3085,linear,500,5.0
402,0.22535977554859046,0.11196207148067104,0.12040816326530612,2742,linear,500,5.0
403,0.23392897199693272,0.1554814506044185,0.1619047619047619,2399,linear,500,5.0
404,0.22167678798328788,0.1857976653696498,0.1727891156462585,2056,linear,500,5.0
405,0.24661487744750105,0.2742123687281214,0.2585034013605442,1714,linear,500,5.0
406,0.31602856081116953,0.19693654266958424,0.19591836734693877,1371,linear,500,5.0
407,0.23434426484477955,0.13326848249027237,0.1346938775510204,1028,linear,500,5.0
408,0.288425952492934,0.16496350364963502,0.13945578231292516,685,linear,500,5.0
409,0.2302034801531196,0.260233918128655,0.23741496598639455,342,linear,500,5.0
410,0.25893711057741525,0.26954492415402564,0.2938775510204082,3428,linear,500,10.0
411,0.1533615067952474,0.22917341977309563,0.24217687074829933,3085,linear,500,10.0
412,0.24396241670726299,0.06528081692195478,0.0782312925170068,2742,linear,500,10.0
413,0.2759154842392092,0.16631929970821174,0.1761904761904762,2399,linear,500,10.0
414,0.2263756752397142,0.13910505836575876,0.13401360544217686,2056,linear,500,10.0
415,0.22247359228073726,0.24445740956826137,0.26326530612244897,1714,linear,500,10.0
416,0.25689954168215035,0.2312180889861415,0.23673469387755103,1371,linear,500,10.0
417,0.24476190947498205,0.16245136186770429,0.1523809523809524,1028,linear,500,10.0
418,0.3131584216017745,0.18686131386861313,0.17959183673469387,685,linear,500,10.0
419,0.23056139127649306,0.2222222222222222,0.2598639455782313,342,linear,500,10.0
420,0.2460447242006974,0.25204200700116686,0.2836734693877551,3428,linear,500,15.0
421,0.2169474303373326,0.17763371150729335,0.17346938775510204,3085,linear,500,15.0
422,0.24089633764807875,0.06965718453683442,0.0761904761904762,2742,linear,500,15.0
423,0.26891229562451385,0.19007919966652773,0.19591836734693877,2399,linear,500,15.0
424,0.2727712578699893,0.14737354085603113,0.13673469387755102,2056,linear,500,15.0
425,0.2505679234136617,0.2707117852975496,0.27414965986394557,1714,linear,500,15.0
426,0.21959653872697352,0.21590080233406272,0.23061224489795917,1371,linear,500,15.0
427,0.2481823074849323,0.18385214007782102,0.16938775510204082,1028,linear,500,15.0
428,0.2689162469909901,0.272992700729927,0.2904761904761905,685,linear,500,15.0
429,0.20949769567001839,0.20760233918128654,0.2578231292517007,342,linear,500,15.0
430,0.2419447387163159,0.2467911318553092,0.26666666666666666,3428,linear,500,20.0
431,0.1751446407684154,0.19967585089141004,0.20748299319727892,3085,linear,500,20.0
432,0.27767823701391975,0.09555069292487235,0.09795918367346938,2742,linear,500,20.0
433,0.24089702312547273,0.17674030846185912,0.1891156462585034,2399,linear,500,20.0
434,0.25785910897769837,0.14056420233463035,0.13197278911564625,2056,linear,500,20.0
435,0.24246755532630795,0.23162193698949826,0.254421768707483,1714,linear,500,20.0
436,0.22032913945957425,0.19328956965718452,0.19931972789115646,1371,linear,500,20.0
437,0.2442022079824447,0.18385214007782102,0.16938775510204082,1028,linear,500,20.0
438,0.270038296318819,0.29781021897810217,0.30680272108843537,685,linear,500,20.0
439,0.20949769567001839,0.20760233918128654,0.2578231292517007,342,linear,500,20.0
440,0.41217455987535184,0.43115519253208867,0.40680272108843535,3428,linear,1000,0.01
441,0.4414577922247669,0.45445705024311184,0.45170068027210886,3085,linear,1000,0.01
442,0.43879515638995625,0.4135667396061269,0.42108843537414964,2742,linear,1000,0.01
443,0.4348833124856606,0.4597749062109212,0.45374149659863944,2399,linear,1000,0.01
444,0.4494823263954381,0.4596303501945525,0.44829931972789117,2056,linear,1000,0.01
445,0.44745477882608675,0.3943990665110852,0.3925170068027211,1714,linear,1000,0.01
446,0.4640869919130789,0.4617067833698031,0.4673469387755102,1371,linear,1000,0.01
447,0.45627831381176726,0.45428015564202334,0.42925170068027213,1028,linear,1000,0.01
448,0.4468153008930811,0.4481751824817518,0.42857142857142855,685,linear,1000,0.01
449,0.4215058038207447,0.4269005847953216,0.42857142857142855,342,linear,1000,0.01
450,0.3571395808259573,0.4203617269544924,0.4163265306122449,3428,linear,1000,0.1
451,0.3403118472620644,0.20745542949756887,0.20816326530612245,3085,linear,1000,0.1
452,0.3491097892891926,0.3136396790663749,0.2979591836734694,2742,linear,1000,0.1
453,0.346107364133106,0.436848686952897,0.42993197278911566,2399,linear,1000,0.1
454,0.3484633964679355,0.31955252918287935,0.3238095238095238,2056,linear,1000,0.1
455,0.35443861319241565,0.3920653442240373,0.4020408163265306,1714,linear,1000,0.1
456,0.31363946842207713,0.2778993435448578,0.2714285714285714,1371,linear,1000,0.1
457,0.3148404199163334,0.2918287937743191,0.3047619047619048,1028,linear,1000,0.1
458,0.3563759124404865,0.3956204379562044,0.4163265306122449,685,linear,1000,0.1
459,0.4245281281860785,0.3888888888888889,0.4448979591836735,342,linear,1000,0.1
460,0.3429735919333252,0.20770128354725786,0.21700680272108844,3428,linear,1000,0.2
461,0.37370091507480346,0.23144246353322528,0.24217687074829933,3085,linear,1000,0.2
462,0.3100754883123951,0.274981765134938,0.28095238095238095,2742,linear,1000,0.2
463,0.35600281071863,0.29553980825343895,0.28435374149659864,2399,linear,1000,0.2
464,0.3680317868903725,0.3535992217898833,0.37006802721088433,2056,linear,1000,0.2
465,0.3354363027644233,0.36989498249708286,0.39319727891156464,1714,linear,1000,0.2
466,0.37583532409619363,0.387308533916849,0.4095238095238095,1371,linear,1000,0.2
467,0.3776774756381035,0.3521400778210117,0.36122448979591837,1028,linear,1000,0.2
468,0.3406824314303468,0.32992700729927005,0.3414965986394558,685,linear,1000,0.2
469,0.3480630695100904,0.39766081871345027,0.3816326530612245,342,linear,1000,0.2
470,0.2702106797288459,0.23366394399066512,0.24965986394557824,3428,linear,1000,0.8
471,0.24964728089953553,0.32350081037277145,0.33741496598639453,3085,linear,1000,0.8
472,0.273173777310272,0.287381473377097,0.3047619047619048,2742,linear,1000,0.8
473,0.27678626535867723,0.2967903293038766,0.3115646258503401,2399,linear,1000,0.8
474,0.28288857871744527,0.4080739299610895,0.4129251700680272,2056,linear,1000,0.8
475,0.3064649004753238,0.2427071178529755,0.2571428571428571,1714,linear,1000,0.8
476,0.27200545026631984,0.32312180889861414,0.3129251700680272,1371,linear,1000,0.8
477,0.32642052149257506,0.2850194552529183,0.27414965986394557,1028,linear,1000,0.8
478,0.3276211928586255,0.31532846715328466,0.3448979591836735,685,linear,1000,0.8
479,0.3364914925918847,0.38011695906432746,0.3435374149659864,342,linear,1000,0.8
480,0.2762495727730781,0.1969078179696616,0.20680272108843537,3428,linear,1000,0.7
481,0.2230190919703444,0.27325769854132903,0.27755102040816326,3085,linear,1000,0.7
482,0.3004275843502769,0.2986870897155361,0.32040816326530613,2742,linear,1000,0.7
483,0.2748015484524901,0.09003751563151313,0.09591836734693877,2399,linear,1000,0.7
484,0.280493219878726,0.3458171206225681,0.35034013605442177,2056,linear,1000,0.7
485,0.3038470910771972,0.2310385064177363,0.23197278911564626,1714,linear,1000,0.7
486,0.2597826971740015,0.1976659372720642,0.20136054421768707,1371,linear,1000,0.7
487,0.3674225500010369,0.3151750972762646,0.3020408163265306,1028,linear,1000,0.7
488,0.3081846194712157,0.3605839416058394,0.38095238095238093,685,linear,1000,0.7
489,0.35031872862493185,0.3684210526315789,0.36394557823129253,342,linear,1000,0.7
490,0.2929021080592435,0.32117852975495914,0.3108843537414966,3428,linear,1000,1.0
491,0.280695385149798,0.29951377633711507,0.3047619047619048,3085,linear,1000,1.0
492,0.29024634095916774,0.14952589350838805,0.13401360544217686,2742,linear,1000,1.0
493,0.21341369914680525,0.1200500208420175,0.12040816326530612,2399,linear,1000,1.0
494,0.3045846072522179,0.377431906614786,0.38843537414965984,2056,linear,1000,1.0
495,0.2676094825300301,0.3436406067677946,0.33877551020408164,1714,linear,1000,1.0
496,0.35926686839730315,0.26404084609773887,0.2870748299319728,1371,linear,1000,1.0
497,0.2803083153765089,0.2791828793774319,0.272108843537415,1028,linear,1000,1.0
498,0.3121545289630648,0.3562043795620438,0.3435374149659864,685,linear,1000,1.0
499,0.36831018892603196,0.28362573099415206,0.2530612244897959,342,linear,1000,1.0
500,0.25995687964652897,0.20361726954492415,0.20612244897959184,3428,linear,1000,3.0
501,0.24534931636740062,0.14554294975688817,0.15374149659863945,3085,linear,1000,3.0
502,0.22787294739142872,0.3147337709700948,0.3047619047619048,2742,linear,1000,3.0
503,0.20248610929198727,0.20383493122134222,0.21768707482993196,2399,linear,1000,3.0
504,0.2256912101308247,0.17801556420233464,0.17346938775510204,2056,linear,1000,3.0
505,0.2525469493091551,0.1808634772462077,0.17687074829931973,1714,linear,1000,3.0
506,0.2550335332944028,0.350109409190372,0.3414965986394558,1371,linear,1000,3.0
507,0.25853055205216807,0.23346303501945526,0.2605442176870748,1028,linear,1000,3.0
508,0.27587123812705294,0.32554744525547447,0.3326530612244898,685,linear,1000,3.0
509,0.25420580656269937,0.38596491228070173,0.41564625850340137,342,linear,1000,3.0
510,0.2083863392789409,0.13273045507584597,0.14285714285714285,3428,linear,1000,5.0
511,0.18175976874315877,0.13711507293354944,0.13945578231292516,3085,linear,1000,5.0
512,0.2272113928817125,0.2735229759299781,0.272108843537415,2742,linear,1000,5.0
513,0.2033327452663777,0.15089620675281368,0.1523809523809524,2399,linear,1000,5.0
514,0.2170317811572126,0.11040856031128404,0.10884353741496598,2056,linear,1000,5.0
515,0.26842373484206516,0.24095682613768962,0.23673469387755103,1714,linear,1000,5.0
516,0.25391198173806867,0.33187454412837347,0.3578231292517007,1371,linear,1000,5.0
517,0.2680247634506513,0.2733463035019455,0.2965986394557823,1028,linear,1000,5.0
518,0.2753065990809446,0.3445255474452555,0.31360544217687075,685,linear,1000,5.0
519,0.2645575491250972,0.23976608187134502,0.24557823129251702,342,linear,1000,5.0
520,0.21882306030565574,0.10822637106184364,0.11292517006802721,3428,linear,1000,10.0
521,0.1998970200504934,0.21037277147487846,0.21224489795918366,3085,linear,1000,10.0
522,0.22647542935066695,0.23304157549234136,0.24489795918367346,2742,linear,1000,10.0
523,0.22725542852771366,0.28053355564818677,0.282312925170068,2399,linear,1000,10.0
524,0.2239449183588738,0.10262645914396887,0.10612244897959183,2056,linear,1000,10.0
525,0.2650750767210406,0.20245040840140024,0.19115646258503402,1714,linear,1000,10.0
526,0.25617578878448444,0.31436907366885486,0.3435374149659864,1371,linear,1000,10.0
527,0.2588956034529889,0.2169260700389105,0.24217687074829933,1028,linear,1000,10.0
528,0.25577327296129587,0.26277372262773724,0.23877551020408164,685,linear,1000,10.0
529,0.20729356387580883,0.36257309941520466,0.3945578231292517,342,linear,1000,10.0
530,0.1977905113766863,0.08518086347724621,0.08435374149659863,3428,linear,1000,15.0
531,0.21066113137768014,0.23111831442463535,0.22857142857142856,3085,linear,1000,15.0
532,0.2394439112303949,0.24835886214442013,0.2707482993197279,2742,linear,1000,15.0
533,0.20356156599305225,0.2621925802417674,0.2680272108843537,2399,linear,1000,15.0
534,0.20591903173830498,0.11332684824902724,0.11836734693877551,2056,linear,1000,15.0
535,0.199586294291206,0.19778296382730456,0.16938775510204082,1714,linear,1000,15.0
536,0.25623400753835535,0.33916849015317285,0.3197278911564626,1371,linear,1000,15.0
537,0.2488119510443237,0.13132295719844359,0.11156462585034013,1028,linear,1000,15.0
538,0.24537939940182257,0.24379562043795622,0.22244897959183674,685,linear,1000,15.0
539,0.1926228878621234,0.2777777777777778,0.26666666666666666,342,linear,1000,15.0
540,0.2282107177851691,0.11376896149358226,0.12108843537414966,3428,linear,1000,20.0
541,0.19476829367076712,0.24181523500810373,0.24081632653061225,3085,linear,1000,20.0
542,0.21874914038803964,0.26549963530269877,0.28775510204081634,2742,linear,1000,20.0
543,0.1811810674725472,0.1554814506044185,0.1523809523809524,2399,linear,1000,20.0
544,0.22634168497052257,0.19017509727626458,0.20068027210884354,2056,linear,1000,20.0
545,0.1920843678743999,0.15869311551925322,0.1510204081632653,1714,linear,1000,20.0
546,0.2666999345260215,0.29321663019693656,0.2972789115646258,1371,linear,1000,20.0
547,0.2517300528430225,0.14396887159533073,0.1360544217687075,1028,linear,1000,20.0
548,0.239962004046076,0.24525547445255474,0.22108843537414966,685,linear,1000,20.0
549,0.20721191455962185,0.3830409356725146,0.3925170068027211,342,linear,1000,20.0
